{
    "rmse_medio": 6.436889883765483,
    "rmse_std": 0.5134510156125898,
    "r2_medio": 0.9830809394571178,
    "cv": 7.976694100478052,
    "estabilidade": "\u2705 Est\u00e1vel",
    "alpha": 60
}