{
    "alpha": 50,
    "rmse": 8.465932046321413,
    "r2": 0.9711305830722136,
    "cv": 10.528701321786128,
    "estabilidade": "\u26a0\ufe0f Moderadamente est\u00e1vel",
    "ide": 0.0677588676661585
}