{
    "alpha": 60,
    "rmse": 6.436889883765483,
    "r2": 0.9830809394571178,
    "cv": 7.976694100478052,
    "estabilidade": "\u2705 Est\u00e1vel",
    "ide": 0.04628561942190901
}